{
  "configVersion": 1,
  "timestamp": 1620841396893,
  "index": "/index.html",
  "assetGroups": [
    {
      "name": "app",
      "installMode": "prefetch",
      "updateMode": "prefetch",
      "urls": [
        "/1-es2015.17a53d12bcbae14c0927.js",
        "/1-es5.17a53d12bcbae14c0927.js",
        "/10-es2015.4001ea5c06853ed9bc45.js",
        "/10-es5.4001ea5c06853ed9bc45.js",
        "/11-es2015.7085d2d14051d7386376.js",
        "/11-es5.7085d2d14051d7386376.js",
        "/12-es2015.6ba63e2eb8dd74eab334.js",
        "/12-es5.6ba63e2eb8dd74eab334.js",
        "/13-es2015.eabe4728e91af933be17.js",
        "/13-es5.eabe4728e91af933be17.js",
        "/14-es2015.3db57d7c532d6f6ba3b5.js",
        "/14-es5.3db57d7c532d6f6ba3b5.js",
        "/15-es2015.5267af4d784b20f2ad30.js",
        "/15-es5.5267af4d784b20f2ad30.js",
        "/16-es2015.bad5b3d5f992fee8693a.js",
        "/16-es5.bad5b3d5f992fee8693a.js",
        "/17-es2015.3997d7cd58245abe91a9.js",
        "/17-es5.3997d7cd58245abe91a9.js",
        "/18-es2015.3c847308b36f06626368.js",
        "/18-es5.3c847308b36f06626368.js",
        "/19-es2015.91f4b7cda9df2c05de01.js",
        "/19-es5.91f4b7cda9df2c05de01.js",
        "/20-es2015.f6ed03055f8254b36baa.js",
        "/20-es5.f6ed03055f8254b36baa.js",
        "/21-es2015.52967e15083ee55db9ef.js",
        "/21-es5.52967e15083ee55db9ef.js",
        "/22-es2015.3b36dc4e71a738c63c99.js",
        "/22-es5.3b36dc4e71a738c63c99.js",
        "/23-es2015.9444296afa2811a65c40.js",
        "/23-es5.9444296afa2811a65c40.js",
        "/24-es2015.07bfb468bdb01a447a59.js",
        "/24-es5.07bfb468bdb01a447a59.js",
        "/25-es2015.94da00bb0cddd0374391.js",
        "/25-es5.94da00bb0cddd0374391.js",
        "/26-es2015.a111e595be0e353363e1.js",
        "/26-es5.a111e595be0e353363e1.js",
        "/27-es2015.7b2ec3d5ddbbc6a8b27e.js",
        "/27-es5.7b2ec3d5ddbbc6a8b27e.js",
        "/28-es2015.cab32cebc808705846f4.js",
        "/28-es5.cab32cebc808705846f4.js",
        "/29-es2015.6ca91c7fc66574513a77.js",
        "/29-es5.6ca91c7fc66574513a77.js",
        "/3-es2015.d1651ba7d155600d5c03.js",
        "/3-es5.d1651ba7d155600d5c03.js",
        "/4-es2015.4b70a1fc0ab6a2e99adb.js",
        "/4-es5.4b70a1fc0ab6a2e99adb.js",
        "/5-es2015.6ffed24e1f01e554b485.js",
        "/5-es5.6ffed24e1f01e554b485.js",
        "/common-es2015.92d531cebc6e14c3a3a6.js",
        "/common-es5.92d531cebc6e14c3a3a6.js",
        "/favicon.ico",
        "/index.html",
        "/main-es2015.9a0a17b49785e06732d2.js",
        "/main-es5.9a0a17b49785e06732d2.js",
        "/manifest.webmanifest",
        "/polyfills-es2015.ee6fd77f901a128d9872.js",
        "/polyfills-es5.6a73375b3b2076a5a217.js",
        "/runtime-es2015.455fda48e2d5c93f3efb.js",
        "/runtime-es5.455fda48e2d5c93f3efb.js",
        "/scripts.ef3243724da640752c2e.js",
        "/styles.6695048754007098d214.css"
      ],
      "patterns": []
    },
    {
      "name": "assets",
      "installMode": "lazy",
      "updateMode": "prefetch",
      "urls": [
        "/01.0a3750e6fdb29fcd632e.png",
        "/02.351bd6828f980ec53eb3.png",
        "/03.e438ea2aabdb1087dc4f.png",
        "/04.0284d042a6c29213aaa1.png",
        "/05.5014f9cce435c71ade63.png",
        "/06.21612b9d3e9d84e7e876.png",
        "/07.f8da0281186df8f17f73.png",
        "/08.975f7e0074400e7561ba.png",
        "/09.fd19309a1932b4751387.png",
        "/Montserrat-Bold.ade91f473255991f410f.ttf",
        "/Montserrat-Regular.ee6539921d713482b8cc.ttf",
        "/arrow_left.270f72df47e036d9cfa1.svg",
        "/arrow_right.d9ccc77c8240ad0dc272.svg",
        "/assets/avatar.png",
        "/assets/fonts/Montserrat/Montserrat-Black.ttf",
        "/assets/fonts/Montserrat/Montserrat-BlackItalic.ttf",
        "/assets/fonts/Montserrat/Montserrat-Bold.ttf",
        "/assets/fonts/Montserrat/Montserrat-BoldItalic.ttf",
        "/assets/fonts/Montserrat/Montserrat-ExtraBold.ttf",
        "/assets/fonts/Montserrat/Montserrat-ExtraBoldItalic.ttf",
        "/assets/fonts/Montserrat/Montserrat-ExtraLight.ttf",
        "/assets/fonts/Montserrat/Montserrat-ExtraLightItalic.ttf",
        "/assets/fonts/Montserrat/Montserrat-Italic.ttf",
        "/assets/fonts/Montserrat/Montserrat-Light.ttf",
        "/assets/fonts/Montserrat/Montserrat-LightItalic.ttf",
        "/assets/fonts/Montserrat/Montserrat-Medium.ttf",
        "/assets/fonts/Montserrat/Montserrat-MediumItalic.ttf",
        "/assets/fonts/Montserrat/Montserrat-Regular.ttf",
        "/assets/fonts/Montserrat/Montserrat-SemiBold.ttf",
        "/assets/fonts/Montserrat/Montserrat-SemiBoldItalic.ttf",
        "/assets/fonts/Montserrat/Montserrat-Thin.ttf",
        "/assets/fonts/Montserrat/Montserrat-ThinItalic.ttf",
        "/assets/fonts/Montserrat/OFL.txt",
        "/assets/fonts/OpenSans-Bold.ttf",
        "/assets/fonts/OpenSans-BoldItalic.ttf",
        "/assets/fonts/OpenSans-ExtraBold.ttf",
        "/assets/fonts/OpenSans-ExtraBoldItalic.ttf",
        "/assets/fonts/OpenSans-Italic.ttf",
        "/assets/fonts/OpenSans-Light.ttf",
        "/assets/fonts/OpenSans-LightItalic.ttf",
        "/assets/fonts/OpenSans-Regular.ttf",
        "/assets/fonts/OpenSans-SemiBold.ttf",
        "/assets/fonts/OpenSans-SemiBoldItalic.ttf",
        "/assets/icon.png",
        "/assets/icons/icon-128x128.png",
        "/assets/icons/icon-144x144.png",
        "/assets/icons/icon-152x152.png",
        "/assets/icons/icon-192x192.png",
        "/assets/icons/icon-384x384.png",
        "/assets/icons/icon-512x512.png",
        "/assets/icons/icon-72x72.png",
        "/assets/icons/icon-96x96.png",
        "/assets/imgs/3298067.jpg",
        "/assets/imgs/aim.png",
        "/assets/imgs/aim2.png",
        "/assets/imgs/american.png",
        "/assets/imgs/axis.png",
        "/assets/imgs/breadcrumb.jpg",
        "/assets/imgs/breadcrumbs.jpg",
        "/assets/imgs/cancel.png",
        "/assets/imgs/close.png",
        "/assets/imgs/cod.png",
        "/assets/imgs/discount.png",
        "/assets/imgs/discount2.png",
        "/assets/imgs/flutter.png",
        "/assets/imgs/google-maps.png",
        "/assets/imgs/google-pay.png",
        "/assets/imgs/green_discount.png",
        "/assets/imgs/hdfc.png",
        "/assets/imgs/home.png",
        "/assets/imgs/icici.png",
        "/assets/imgs/instalogos.png",
        "/assets/imgs/instamojoapp.png",
        "/assets/imgs/kotak.png",
        "/assets/imgs/language.png",
        "/assets/imgs/logo.png",
        "/assets/imgs/logo2.png",
        "/assets/imgs/mastercard.png",
        "/assets/imgs/mobi.png",
        "/assets/imgs/mobikwik.png",
        "/assets/imgs/non.png",
        "/assets/imgs/open.png",
        "/assets/imgs/pay.png",
        "/assets/imgs/payment-item.png",
        "/assets/imgs/paystack.png",
        "/assets/imgs/paytm.png",
        "/assets/imgs/paytmlogo.png",
        "/assets/imgs/phone.png",
        "/assets/imgs/razor.png",
        "/assets/imgs/razor.svg",
        "/assets/imgs/store.png",
        "/assets/imgs/stripe.png",
        "/assets/imgs/veg.png",
        "/assets/imgs/whatsapp.png",
        "/assets/imgs/yes.png",
        "/assets/imgs/zeta.png",
        "/assets/logo.png",
        "/assets/map-marker.png",
        "/assets/placeholder.png",
        "/assets/your-logo.png",
        "/fa-brands-400.0cb5a5c0d251c109458c.svg",
        "/fa-brands-400.13685372945d816a2b47.ttf",
        "/fa-brands-400.a06da7f0950f9dd366fc.woff2",
        "/fa-brands-400.c1868c9545d2de1cf848.eot",
        "/fa-brands-400.ec3cfddedb8bebd2d7a3.woff",
        "/fa-regular-400.261d666b0147c6c5cda0.eot",
        "/fa-regular-400.89ffa3aba80d30ee0a93.svg",
        "/fa-regular-400.c20b5b7362d8d7bb7edd.woff2",
        "/fa-regular-400.db78b9359171f24936b1.ttf",
        "/fa-regular-400.f89ea91ecd1ca2db7e09.woff",
        "/fa-solid-900.1ab236ed440ee51810c5.ttf",
        "/fa-solid-900.a0369ea57eb6d3843d64.eot",
        "/fa-solid-900.b15db15f746f29ffa026.woff2",
        "/fa-solid-900.bea989e82b07e9687c26.woff",
        "/fa-solid-900.ec763292e583294612f1.svg",
        "/owl.video.play.4a37f8008959c75f619b.png"
      ],
      "patterns": []
    }
  ],
  "dataGroups": [],
  "hashTable": {
    "/01.0a3750e6fdb29fcd632e.png": "7c046ea4b1669da4eb81acccd7fc58b00201543d",
    "/02.351bd6828f980ec53eb3.png": "9775bb2755b51c9eb03a3057eaf3914dc3149a6b",
    "/03.e438ea2aabdb1087dc4f.png": "c284f2c9ece402ccc1301b4301252476864235c0",
    "/04.0284d042a6c29213aaa1.png": "2816672fcbef8e08b431d600f26b119e2122eaa6",
    "/05.5014f9cce435c71ade63.png": "8d9fe47653c2615fd4a1e861e882e2efdb0f34a0",
    "/06.21612b9d3e9d84e7e876.png": "9d566536e859c18075d00e7f8cd6c490d310c089",
    "/07.f8da0281186df8f17f73.png": "078e49f4fa97e117da76cbef2b492e8cf92d0d45",
    "/08.975f7e0074400e7561ba.png": "b3916a95cb81602b7bd41eaefa92eb3a8fd39b70",
    "/09.fd19309a1932b4751387.png": "4d1c1ec2c710745ddcc43fdd0ae41d3095398a77",
    "/1-es2015.17a53d12bcbae14c0927.js": "7553f9e90ec7fd4d9c4926aa536a3a1d0089ea39",
    "/1-es5.17a53d12bcbae14c0927.js": "63ee7e5a1ee508d7a45b7ff426230529b749ae65",
    "/10-es2015.4001ea5c06853ed9bc45.js": "a95004be51961ac03557ac9b5c0431f15cfc2c28",
    "/10-es5.4001ea5c06853ed9bc45.js": "50c76c94e118e7c3d84e0dfe17930f6d321c5f7b",
    "/11-es2015.7085d2d14051d7386376.js": "89cff99a0db6d132b9500ee1d7e374237ba8689b",
    "/11-es5.7085d2d14051d7386376.js": "dae8d429f754a50f7e49d8ae624c44837246520f",
    "/12-es2015.6ba63e2eb8dd74eab334.js": "a38d1928785ac77efa498ff8c1236508af6c7b24",
    "/12-es5.6ba63e2eb8dd74eab334.js": "3d6ee097ebf664cdaad2d5ab92d175e637104755",
    "/13-es2015.eabe4728e91af933be17.js": "aa100c66f0fe8467c534c49fdbbd76cd9fa56164",
    "/13-es5.eabe4728e91af933be17.js": "f23a4540bde4e5e030bac55bc020450aa6d25d7a",
    "/14-es2015.3db57d7c532d6f6ba3b5.js": "8fa541f8ebd81e5bb5850d6dbf7284ddbbc958aa",
    "/14-es5.3db57d7c532d6f6ba3b5.js": "3b7e5d5d73c4f9ff8c81a0927519ea9149633455",
    "/15-es2015.5267af4d784b20f2ad30.js": "f80f14dcb7126f3bd2d44bf10ee927741d573be7",
    "/15-es5.5267af4d784b20f2ad30.js": "6a7717b70eda0d7e3a6a83fbb49469cd8b69f22a",
    "/16-es2015.bad5b3d5f992fee8693a.js": "b7e8555d023fa1cfd885b073f40af36690f32132",
    "/16-es5.bad5b3d5f992fee8693a.js": "ba2b7e3ad9b123b4739e2669bf8db70f61d258fd",
    "/17-es2015.3997d7cd58245abe91a9.js": "3e27e8022cce919a8d5f5f4eca0311f0a89f86f9",
    "/17-es5.3997d7cd58245abe91a9.js": "63e1c9e543efed676e973b497639d4c0a4d20c17",
    "/18-es2015.3c847308b36f06626368.js": "436418a4258883c1297ee9f2ec01e8d355c455be",
    "/18-es5.3c847308b36f06626368.js": "07bb5a4e0413b10b0df190709ab12ba60b00d8f4",
    "/19-es2015.91f4b7cda9df2c05de01.js": "bc25f3f768355ce60e670d0b950eb5915e237432",
    "/19-es5.91f4b7cda9df2c05de01.js": "b5e15f84d83b6ad3a33d5d484c4b914aa35ab49f",
    "/20-es2015.f6ed03055f8254b36baa.js": "8dce7c4cd47a0bc7e26365d98ddb8fe9ef35114d",
    "/20-es5.f6ed03055f8254b36baa.js": "d26f2c35936fae4cea645c700a42b707952dfe96",
    "/21-es2015.52967e15083ee55db9ef.js": "db97d997e97c3193a4421327a375b120d3f2219d",
    "/21-es5.52967e15083ee55db9ef.js": "77485e89a8b13668c4171545aaabc781463a312d",
    "/22-es2015.3b36dc4e71a738c63c99.js": "86cf82437794edda448fbc3687e8529d71d196e7",
    "/22-es5.3b36dc4e71a738c63c99.js": "93ba14e6f3368bb7faabd0c2b28f305187356d3c",
    "/23-es2015.9444296afa2811a65c40.js": "71ca3be6c0378eef3937c74a96f247399434d659",
    "/23-es5.9444296afa2811a65c40.js": "bf683312bd694eb98978738a55ce1bdc9d8be8b2",
    "/24-es2015.07bfb468bdb01a447a59.js": "7126bdaf020d707ab8d9fd4dfe9b37c1279a52a6",
    "/24-es5.07bfb468bdb01a447a59.js": "0df7386e5716cf57bcbaf515ce2619ba8db3850c",
    "/25-es2015.94da00bb0cddd0374391.js": "9cf2b5615e4803388a13144161e8d2051d83ed08",
    "/25-es5.94da00bb0cddd0374391.js": "bf8e446ae6f9c1c2e9b845fa6a8f2906b569bf0b",
    "/26-es2015.a111e595be0e353363e1.js": "d1dc876e8e90778eb0f9a6dbe429ae98ad31d009",
    "/26-es5.a111e595be0e353363e1.js": "2216b207090e8c397c7b0193956a8b09e52c27e2",
    "/27-es2015.7b2ec3d5ddbbc6a8b27e.js": "bd6a50599637a4cc773115754ce06a8f06aaaf7a",
    "/27-es5.7b2ec3d5ddbbc6a8b27e.js": "479f836cc3194a9f7a2d290c97c69e7e30476fb9",
    "/28-es2015.cab32cebc808705846f4.js": "f2048777fb50b3dbf403d9be357ba703332e7cf0",
    "/28-es5.cab32cebc808705846f4.js": "6bbc6555fddbc152a6124d529cc4d9f492114715",
    "/29-es2015.6ca91c7fc66574513a77.js": "cbf59b834bc6b30e1a6122bce93454fb4ed48dc1",
    "/29-es5.6ca91c7fc66574513a77.js": "757f32af123508c5bac43583ae029f5f4b37d876",
    "/3-es2015.d1651ba7d155600d5c03.js": "8ce8bd8f0f5ce4f3342b92db008a6c00f5925d7d",
    "/3-es5.d1651ba7d155600d5c03.js": "21272533977a2126401e6d7a0c1b976429889a13",
    "/4-es2015.4b70a1fc0ab6a2e99adb.js": "c175ffa8f568435f10f7ecb3790e996a8c8c27df",
    "/4-es5.4b70a1fc0ab6a2e99adb.js": "f7970284b1abc674a030e63b8a4d929adf1103f5",
    "/5-es2015.6ffed24e1f01e554b485.js": "71b56efb0633ee2c5344252d269ef4c13628b94a",
    "/5-es5.6ffed24e1f01e554b485.js": "7b9ba4c390760a3b057d880c0d06695056471148",
    "/Montserrat-Bold.ade91f473255991f410f.ttf": "3a54407a2b26ff4718708a4726b10cb070d16534",
    "/Montserrat-Regular.ee6539921d713482b8cc.ttf": "d25b35242deb1c6ff888b8162ca2aacc356d3899",
    "/arrow_left.270f72df47e036d9cfa1.svg": "fb5b615955042a7c6aa16b1f0e8dcbdb279a8ac0",
    "/arrow_right.d9ccc77c8240ad0dc272.svg": "fac5123a15d035a642b74740b89636e2ace09810",
    "/assets/avatar.png": "6422f77d3bc69fae29efefa14f7aeda3a7d878bb",
    "/assets/fonts/Montserrat/Montserrat-Black.ttf": "96d03479269d1ba7a3e38f4b64ff87ead267c998",
    "/assets/fonts/Montserrat/Montserrat-BlackItalic.ttf": "6e84efcb6bf01c47102d6e9f0dbe5958e74c9f20",
    "/assets/fonts/Montserrat/Montserrat-Bold.ttf": "3a54407a2b26ff4718708a4726b10cb070d16534",
    "/assets/fonts/Montserrat/Montserrat-BoldItalic.ttf": "6acf078ad5e1b77e6d68b8ff0cde39d81b9f057c",
    "/assets/fonts/Montserrat/Montserrat-ExtraBold.ttf": "4b5c27dcf59df165606efa247190c0bfa3c02ff0",
    "/assets/fonts/Montserrat/Montserrat-ExtraBoldItalic.ttf": "28423e53b60316c09f468055ca8c1d27c06ab45b",
    "/assets/fonts/Montserrat/Montserrat-ExtraLight.ttf": "fe3c849af6231af6c5c43d1045f2011bf683f317",
    "/assets/fonts/Montserrat/Montserrat-ExtraLightItalic.ttf": "40d3231d668844dab24536fa0c380bdc2311a992",
    "/assets/fonts/Montserrat/Montserrat-Italic.ttf": "798c701450f6bc08217f73c1ac569100cddc2947",
    "/assets/fonts/Montserrat/Montserrat-Light.ttf": "83879cec4c934d446eca63aa5cfedcebfd60d610",
    "/assets/fonts/Montserrat/Montserrat-LightItalic.ttf": "659632ad8a33d96e6a00319d7b0c020e9cc6cc5b",
    "/assets/fonts/Montserrat/Montserrat-Medium.ttf": "65a98832079c4d2c67f3acc4f4ce2de630fe6cb0",
    "/assets/fonts/Montserrat/Montserrat-MediumItalic.ttf": "ceadac9926836d5fc0ee14f94567f0ea25979fa2",
    "/assets/fonts/Montserrat/Montserrat-Regular.ttf": "d25b35242deb1c6ff888b8162ca2aacc356d3899",
    "/assets/fonts/Montserrat/Montserrat-SemiBold.ttf": "f829de4c176fb2ccf5e33360920f48de6794434e",
    "/assets/fonts/Montserrat/Montserrat-SemiBoldItalic.ttf": "3c2759411b32ad6779aba08e4c09ed1b3c0bc4d4",
    "/assets/fonts/Montserrat/Montserrat-Thin.ttf": "1d00ff2f5bc9331aa6e75b5a82dd698976615dc4",
    "/assets/fonts/Montserrat/Montserrat-ThinItalic.ttf": "ae19fb168e043e6408692c4bc50dd0aab76fdc22",
    "/assets/fonts/Montserrat/OFL.txt": "53cb409d0dadcd9ebc8993d8bd46728c0c85d1ac",
    "/assets/fonts/OpenSans-Bold.ttf": "1e3704ee48b5ff7e582488ead87b05249f14dc1c",
    "/assets/fonts/OpenSans-BoldItalic.ttf": "72068cc905085ca406e6391cc5021ac043689ade",
    "/assets/fonts/OpenSans-ExtraBold.ttf": "5acb1de2513aca9ce4fcf5d1e1e49aad86f1888c",
    "/assets/fonts/OpenSans-ExtraBoldItalic.ttf": "5e6be0eaf06fa67b53ec5c4d412dab0a6f5248ba",
    "/assets/fonts/OpenSans-Italic.ttf": "b8d9f5ceb1e6b3a716dab0bdd09061bbc349b41e",
    "/assets/fonts/OpenSans-Light.ttf": "bf0d133b628259eca01049d30fa6316094d00bcf",
    "/assets/fonts/OpenSans-LightItalic.ttf": "f8b6e01898801a17b9bf11f6190347cd917c440d",
    "/assets/fonts/OpenSans-Regular.ttf": "babe8dce93a3e48b6c3c79720a0c048e88dd1fe7",
    "/assets/fonts/OpenSans-SemiBold.ttf": "e256f8391718ef61f253dfb4e95bbeb3c5857afc",
    "/assets/fonts/OpenSans-SemiBoldItalic.ttf": "b59e91cb19bc660ffbe3bd12501b4781196a8312",
    "/assets/icon.png": "37a0e84fdd850e4afb8aedcd0e92708230300609",
    "/assets/icons/icon-128x128.png": "3187f88ffa8dd62974ca556d8fda72e4f094cb1c",
    "/assets/icons/icon-144x144.png": "20f72b137418a1e821ec6ff1e992c52f2ddf0380",
    "/assets/icons/icon-152x152.png": "44fe0851725ddcc1a720d905ec0f7856ee61cfad",
    "/assets/icons/icon-192x192.png": "56f5875203ffced2975a7614cc0e4f88ba3a4b76",
    "/assets/icons/icon-384x384.png": "86751e107a21c629409ed6a4a24f72bf1f58fbd7",
    "/assets/icons/icon-512x512.png": "37a0e84fdd850e4afb8aedcd0e92708230300609",
    "/assets/icons/icon-72x72.png": "56327993424a09103e2bd473fb270694b25d0384",
    "/assets/icons/icon-96x96.png": "7a081b39bcde0fbc97d6374cf8cd4fefb0ee2512",
    "/assets/imgs/3298067.jpg": "c43b4a61ddce757a4028fafe5c998890bbd1a7bf",
    "/assets/imgs/aim.png": "6d61c87d23ea455ab7e5dd4162ef6576897a50f7",
    "/assets/imgs/aim2.png": "281e298352114c443d9c62a431d78b5037e3e3e3",
    "/assets/imgs/american.png": "c3e2129f7314e9ea1c6a27681bf635d4e37f8f83",
    "/assets/imgs/axis.png": "d9bc62bced13d9cc149d4f03262e8b5da18bc302",
    "/assets/imgs/breadcrumb.jpg": "cb6bcf23bebe6b40239ab0dcc0f7230bb92c6f14",
    "/assets/imgs/breadcrumbs.jpg": "e986c75ef6bc2ea2b4169306af1d90c96f6bf3f5",
    "/assets/imgs/cancel.png": "2352479208c96b1fd18129d95bf7192c30838c24",
    "/assets/imgs/close.png": "7b241461d338d4d3d7d1553b9f52bc3348f8863d",
    "/assets/imgs/cod.png": "d8d5da2d212cf5400ef70e9d125f19d959338edf",
    "/assets/imgs/discount.png": "a278c466191fbe9b14038b57f07c4e741943bb31",
    "/assets/imgs/discount2.png": "be517959ee367bf8ab8e5bf6bd5aa0066b677754",
    "/assets/imgs/flutter.png": "13cb960dc943f9f91dd11a28d4c093e4593be3d6",
    "/assets/imgs/google-maps.png": "fff2e2ca97d9e546604ec423d2489ae31ae7ed78",
    "/assets/imgs/google-pay.png": "ac0e36ad4f86216dd8906c1d06581a57d2df3a19",
    "/assets/imgs/green_discount.png": "539ad70d5f8e46f3951d6c9bb9606222458a567b",
    "/assets/imgs/hdfc.png": "f3b1bbe4616445cb2b8482f3190b2945f3776df3",
    "/assets/imgs/home.png": "12d8b9c4831bcb6f488e5f4f36c153124891fad9",
    "/assets/imgs/icici.png": "3866f8f62024f0bce848baa85d1a3e8548df6c19",
    "/assets/imgs/instalogos.png": "82aed0166c7ed87405c35e865cf3c23e4cbbf9d6",
    "/assets/imgs/instamojoapp.png": "ef5eb88ea05121c8b1fad09cc7abea6837274cc4",
    "/assets/imgs/kotak.png": "04e0d3c08034c11e748f984f43fb36388a020ec4",
    "/assets/imgs/language.png": "5668bb40d0002ae78e1341ec479c5bdf9c00b8fa",
    "/assets/imgs/logo.png": "4b01bd0ce247b100e6819c77a12c8f04cde58418",
    "/assets/imgs/logo2.png": "4b01bd0ce247b100e6819c77a12c8f04cde58418",
    "/assets/imgs/mastercard.png": "65c11764eb037921e7014d74d69836006dfbd522",
    "/assets/imgs/mobi.png": "4fc097f5e8546562f811d572a597f03d73d812f8",
    "/assets/imgs/mobikwik.png": "b2a3675b2fad101bf436df12384399ca39b0d15f",
    "/assets/imgs/non.png": "53ca244f516296ff39568b48f2a72c9a6402c94e",
    "/assets/imgs/open.png": "4528b491afc10ee8f10fc98308a82187cec32cc1",
    "/assets/imgs/pay.png": "218c6ec70ef824f0be8d83f477580dd480e64088",
    "/assets/imgs/payment-item.png": "0847dff27b3e9b4d6005cbb1df4dc9f7d29dbb7d",
    "/assets/imgs/paystack.png": "811c8b0703c9a7a13b9514cf252995bd3a6c5478",
    "/assets/imgs/paytm.png": "39befb652e235109b89f3c0d9a68892ff25cff03",
    "/assets/imgs/paytmlogo.png": "0ae0362237177d20ae34bea75440dd3bbe286ad6",
    "/assets/imgs/phone.png": "ad04f1abe8559c89870ae19c0a80d8af4a4d0da8",
    "/assets/imgs/razor.png": "89734404cd70d2b2f8c44ac3495dad11fde34039",
    "/assets/imgs/razor.svg": "4b96ebdf5c3f68fc7889471c00144823c02c4002",
    "/assets/imgs/store.png": "17393af8b3eab8b9c7891613cfc8958571d6ee30",
    "/assets/imgs/stripe.png": "ad44a0d66d3597698110fe94f58cbc193a5b45e1",
    "/assets/imgs/veg.png": "7e0974d7f1c2d22165860958e4ae4be268624185",
    "/assets/imgs/whatsapp.png": "e004132328764190939aef8be60a3e7c2a215aa9",
    "/assets/imgs/yes.png": "17e497791b34a70c8184ab534faf08ffcb12af4f",
    "/assets/imgs/zeta.png": "391436c46a464e3033d404e9e1f7a86b258c1339",
    "/assets/logo.png": "f3aa0dd6c1ddc3b5caa3a7424c3a14ce0955b6c5",
    "/assets/map-marker.png": "49d11594f81b75db6419ba86b661414ab40c0c6f",
    "/assets/placeholder.png": "2936faef49f46e05e292ae916cdc16b72ea032b6",
    "/assets/your-logo.png": "347081d1795b41cf52fcb35e70695488a97a6d9a",
    "/common-es2015.92d531cebc6e14c3a3a6.js": "786289ea7915df8a7fb46fd45b7985fd9acd1946",
    "/common-es5.92d531cebc6e14c3a3a6.js": "56b69bd40fa15591b356da1d6da1adda75e20023",
    "/fa-brands-400.0cb5a5c0d251c109458c.svg": "d49c07aef6414916b3c6860b42b906e39748e842",
    "/fa-brands-400.13685372945d816a2b47.ttf": "66c86edfd13e63e0e981ce853335c28bc2d20cec",
    "/fa-brands-400.a06da7f0950f9dd366fc.woff2": "509988477da79c146cb93fb728405f18e923c2de",
    "/fa-brands-400.c1868c9545d2de1cf848.eot": "a17db2a5a355befd089bb6e7d53c3d501bf9e827",
    "/fa-brands-400.ec3cfddedb8bebd2d7a3.woff": "8436788e76679c0485b62c80eb7512c6c2e34e88",
    "/fa-regular-400.261d666b0147c6c5cda0.eot": "6299f0e32575f73d8d897f87ce899827f99e20fe",
    "/fa-regular-400.89ffa3aba80d30ee0a93.svg": "3372e92825af3975013cece2390f806023b1b05d",
    "/fa-regular-400.c20b5b7362d8d7bb7edd.woff2": "260bb01acd44d88dcb7f501a238ab968f86bef9e",
    "/fa-regular-400.db78b9359171f24936b1.ttf": "00f569f7d8ac2497a43b25dc4d3b32213bcea31b",
    "/fa-regular-400.f89ea91ecd1ca2db7e09.woff": "8469cb3d9c8189fea64f60aef2753509d770b8df",
    "/fa-solid-900.1ab236ed440ee51810c5.ttf": "ff8f37dfad105796bd924d0db0d37a4ff252618c",
    "/fa-solid-900.a0369ea57eb6d3843d64.eot": "5be5944a17e8b32589a12fdc2b8a8570c9081db4",
    "/fa-solid-900.b15db15f746f29ffa026.woff2": "75a88815c47a249eadb5f0edc1675957f860cca7",
    "/fa-solid-900.bea989e82b07e9687c26.woff": "15c52209092ce0fb7210e40e2a01acc8b4a5c494",
    "/fa-solid-900.ec763292e583294612f1.svg": "a4115fd7ce47ed2b41f7d4e9e7448f28ba3f7508",
    "/favicon.ico": "2baa51ee8687411e6e7b1ac07e37670d8c385a25",
    "/index.html": "8834c2329e3bc5feb0347ae1c6026d724a8185b7",
    "/main-es2015.9a0a17b49785e06732d2.js": "403f4c8fbce75714f6f358bb94d23bdb20dda974",
    "/main-es5.9a0a17b49785e06732d2.js": "bc2b8749aeb1bfa79fff73e5c966e3c107ac9fe4",
    "/manifest.webmanifest": "c7d9d360ed4208e4b87216d5d868a7946e66a4a0",
    "/owl.video.play.4a37f8008959c75f619b.png": "c0d64356ec2758cb280d183b4829c923e5ff61e5",
    "/polyfills-es2015.ee6fd77f901a128d9872.js": "252ad0ce099a26a52485195bd3ee990a38fd1399",
    "/polyfills-es5.6a73375b3b2076a5a217.js": "13149e5ae01be34cedc2658ad3b8daaacb8cc4b2",
    "/runtime-es2015.455fda48e2d5c93f3efb.js": "ab9af53389ec50a3c873d2bc1703d7d25c9f2e09",
    "/runtime-es5.455fda48e2d5c93f3efb.js": "493b9d766b840414e9b4dfc671379cd151849c8e",
    "/scripts.ef3243724da640752c2e.js": "d7e0e064690e562fbdc6734e457ecfd68754b34c",
    "/styles.6695048754007098d214.css": "471671caa3921232a8040832e0bc726beb2dba1c"
  },
  "navigationUrls": [
    {
      "positive": true,
      "regex": "^\\/.*$"
    },
    {
      "positive": false,
      "regex": "^\\/(?:.+\\/)?[^/]*\\.[^/]*$"
    },
    {
      "positive": false,
      "regex": "^\\/(?:.+\\/)?[^/]*__[^/]*$"
    },
    {
      "positive": false,
      "regex": "^\\/(?:.+\\/)?[^/]*__[^/]*\\/.*$"
    }
  ]
}